game_no,game_name,game_code,type,cost_price,tax,sale_price,date_of_sale
80,Project CARS,pc,2,27.51,0.09,29.99,2024-04-10 11:53:43
75,Brief Karate Foolish,pc,2,0.0,0.09,0.0,2024-04-25 02:15:25
25,Lost Castle,pc,2,9.17,0.09,9.99,2024-04-18 00:48:23
46,Chicken Invaders 2,pc,2,3.66,0.09,3.99,2024-04-04 12:15:43
15,Below Kryll,pc,2,4.58,0.09,4.99,2024-04-02 17:38:09
30,Rivals of Aether,pc,2,13.75,0.09,14.99,2024-04-13 16:44:37
64,SUPERFIGHT,pc,2,9.17,0.09,9.99,2024-04-19 08:06:15
75,Brief Karate Foolish,pc,2,0.0,0.09,0.0,2024-04-26 03:02:11
51,Tank Brawl,pc,2,3.66,0.09,3.99,2024-04-24 01:24:03
91,Porcunipine,pc,2,9.17,0.09,9.99,2024-04-26 12:33:46
89,InfinitasDM,pc,2,9.17,0.09,9.99,2024-04-01 08:39:19
7,Insecters War,pc,2,0.0,0.09,0.0,2024-04-04 17:00:22
51,Tank Brawl,pc,2,3.66,0.09,3.99,2024-04-15 13:30:01
49,Blind Blades,pc,2,4.58,0.09,4.99,2024-04-14 04:52:41
78,Dungeons 2,pc,2,27.51,0.09,29.99,2024-04-07 23:48:30
6,Path of Exile,pc,1,0.0,0.09,0.0,2024-04-18 23:59:49
11,Crea,pc,2,13.75,0.09,14.99,2024-04-13 10:28:57
22,Bombernauts,pc,2,9.17,0.09,9.99,2024-04-10 15:09:53
22,Bombernauts,pc,2,9.17,0.09,9.99,2024-04-13 23:05:53
6,Path of Exile,pc,1,0.0,0.09,0.0,2024-04-13 03:27:36
25,Lost Castle,pc,2,9.17,0.09,9.99,2024-04-08 08:00:36
8,Scary Girl,pc,2,6.41,0.09,6.99,2024-04-17 07:46:47
46,Chicken Invaders 2,pc,2,3.66,0.09,3.99,2024-04-01 03:42:17
86,Ziro,pc,2,4.58,0.09,4.99,2024-04-12 02:48:21
84,Demons with Shotguns,pc,2,9.17,0.09,9.99,2024-04-22 03:45:18
30,Rivals of Aether,pc,2,13.75,0.09,14.99,2024-04-27 11:00:35
63,Broforce,pc,2,6.87,0.09,7.49,2024-04-25 16:42:07
82,Etherium,pc,2,18.34,0.09,19.99,2024-04-17 06:23:35
6,Path of Exile,pc,1,0.0,0.09,0.0,2024-04-25 07:28:29
7,Insecters War,pc,2,0.0,0.09,0.0,2024-04-02 12:53:55
63,Broforce,pc,2,6.87,0.09,7.49,2024-04-19 06:11:10
7,Insecters War,pc,2,0.0,0.09,0.0,2024-04-12 23:14:28
46,Chicken Invaders 2,pc,2,3.66,0.09,3.99,2024-04-08 14:24:53
81,Tempest,pc,2,13.75,0.09,14.99,2024-04-01 02:03:05
84,Demons with Shotguns,pc,2,9.17,0.09,9.99,2024-04-03 17:02:48
81,Tempest,pc,2,13.75,0.09,14.99,2024-04-01 01:36:53
31,Jet Racing Extreme,pc,2,3.66,0.09,3.99,2024-04-01 08:32:48
46,Chicken Invaders 2,pc,2,3.66,0.09,3.99,2024-04-24 16:10:04
46,Chicken Invaders 2,pc,2,3.66,0.09,3.99,2024-04-04 16:55:18
26,Altitude,pc,2,0.0,0.09,0.0,2024-04-01 09:52:26
9,Rally Copters,pc,2,6.41,0.09,6.99,2024-04-15 14:40:04
63,Broforce,pc,2,6.87,0.09,7.49,2024-04-24 04:32:25
80,Project CARS,pc,2,27.51,0.09,29.99,2024-04-28 22:34:13
11,Crea,pc,2,13.75,0.09,14.99,2024-04-20 12:50:03
70,Tatsu,pc,2,9.17,0.09,9.99,2024-04-18 14:30:59
79,Starion Tactics,pc,2,9.17,0.09,9.99,2024-04-08 07:01:41
90,Bowl VR,pc,2,6.41,0.09,6.99,2024-04-26 07:46:24
82,Etherium,pc,2,18.34,0.09,19.99,2024-04-17 19:28:44
84,Demons with Shotguns,pc,2,9.17,0.09,9.99,2024-04-17 03:59:20
34,Dark Eden,pc,1,0.0,0.09,0.0,2024-04-10 03:18:58
7,Insecters War,pc,2,0.0,0.09,0.0,2024-04-20 01:56:12
22,Bombernauts,pc,2,9.17,0.09,9.99,2024-04-08 17:01:04
30,Rivals of Aether,pc,2,13.75,0.09,14.99,2024-04-11 17:33:03
9,Rally Copters,pc,2,6.41,0.09,6.99,2024-04-24 08:35:53
86,Ziro,pc,2,4.58,0.09,4.99,2024-04-24 11:43:23
11,Crea,pc,2,13.75,0.09,14.99,2024-04-12 09:08:20
14,MapleStory,pc,1,0.0,0.09,0.0,2024-04-12 08:46:29
77,Iron Storm,pc,2,2.74,0.09,2.99,2024-04-22 11:08:36
38,Butsbal,pc,2,2.74,0.09,2.99,2024-04-16 23:48:43
63,Broforce,pc,2,6.87,0.09,7.49,2024-04-20 07:46:56
46,Chicken Invaders 2,pc,2,3.66,0.09,3.99,2024-04-18 23:05:42
4,Gemini Wars,pc,2,13.75,0.09,14.99,2024-04-19 21:11:23
26,Altitude,pc,2,0.0,0.09,0.0,2024-04-10 22:32:50
46,Chicken Invaders 2,pc,2,3.66,0.09,3.99,2024-04-18 11:11:48
64,SUPERFIGHT,pc,2,9.17,0.09,9.99,2024-04-10 21:39:11
79,Starion Tactics,pc,2,9.17,0.09,9.99,2024-04-02 22:24:30
84,Demons with Shotguns,pc,2,9.17,0.09,9.99,2024-04-03 05:20:39
20,WolfQuest,pc,2,9.17,0.09,9.99,2024-04-03 21:36:25
86,Ziro,pc,2,4.58,0.09,4.99,2024-04-29 23:02:00
15,Below Kryll,pc,2,4.58,0.09,4.99,2024-04-19 15:57:36
73,Transformice,pc,1,0.0,0.09,0.0,2024-04-19 09:25:13
78,Dungeons 2,pc,2,27.51,0.09,29.99,2024-04-06 07:37:55
46,Chicken Invaders 2,pc,2,3.66,0.09,3.99,2024-04-26 16:05:40
22,Bombernauts,pc,2,9.17,0.09,9.99,2024-04-25 11:33:12
86,Ziro,pc,2,4.58,0.09,4.99,2024-04-07 19:30:28
80,Project CARS,pc,2,27.51,0.09,29.99,2024-04-17 10:06:31
22,Bombernauts,pc,2,9.17,0.09,9.99,2024-04-15 11:31:58
78,Dungeons 2,pc,2,27.51,0.09,29.99,2024-04-14 08:09:05
30,Rivals of Aether,pc,2,13.75,0.09,14.99,2024-04-23 11:45:39
75,Brief Karate Foolish,pc,2,0.0,0.09,0.0,2024-04-01 12:39:45
82,Etherium,pc,2,18.34,0.09,19.99,2024-04-08 20:47:10
25,Lost Castle,pc,2,9.17,0.09,9.99,2024-04-07 09:40:16
8,Scary Girl,pc,2,6.41,0.09,6.99,2024-04-23 12:09:19
11,Crea,pc,2,13.75,0.09,14.99,2024-04-11 05:14:20
34,Dark Eden,pc,1,0.0,0.09,0.0,2024-04-26 12:44:08
30,Rivals of Aether,pc,2,13.75,0.09,14.99,2024-04-15 22:20:10
7,Insecters War,pc,2,0.0,0.09,0.0,2024-04-03 05:34:42
22,Bombernauts,pc,2,9.17,0.09,9.99,2024-04-15 17:51:20
7,Insecters War,pc,2,0.0,0.09,0.0,2024-04-09 06:19:06
93,Streets of Fury EX,pc,2,9.17,0.09,9.99,2024-04-20 14:28:22
30,Rivals of Aether,pc,2,13.75,0.09,14.99,2024-04-28 16:36:12
9,Rally Copters,pc,2,6.41,0.09,6.99,2024-04-29 07:03:06
6,Path of Exile,pc,1,0.0,0.09,0.0,2024-04-02 17:26:55
80,Project CARS,pc,2,27.51,0.09,29.99,2024-04-11 02:11:10
38,Butsbal,pc,2,2.74,0.09,2.99,2024-04-02 13:56:06
77,Iron Storm,pc,2,2.74,0.09,2.99,2024-04-21 12:57:32
38,Butsbal,pc,2,2.74,0.09,2.99,2024-04-25 00:56:16
8,Scary Girl,pc,2,6.41,0.09,6.99,2024-04-16 19:40:07
89,InfinitasDM,pc,2,9.17,0.09,9.99,2024-04-19 09:18:46
77,Iron Storm,pc,2,2.74,0.09,2.99,2024-04-13 18:25:00
79,Starion Tactics,pc,2,9.17,0.09,9.99,2024-04-24 06:57:38
31,Jet Racing Extreme,pc,2,3.66,0.09,3.99,2024-04-10 19:20:39
43,SinaRun,pc,2,2.74,0.09,2.99,2024-04-12 14:31:17
7,Insecters War,pc,2,0.0,0.09,0.0,2024-04-18 22:12:24
7,Insecters War,pc,2,0.0,0.09,0.0,2024-04-11 17:39:01
93,Streets of Fury EX,pc,2,9.17,0.09,9.99,2024-04-27 07:41:29
8,Scary Girl,pc,2,6.41,0.09,6.99,2024-04-19 00:16:51
63,Broforce,pc,2,6.87,0.09,7.49,2024-04-13 20:41:20
6,Path of Exile,pc,1,0.0,0.09,0.0,2024-04-23 16:27:59
22,Bombernauts,pc,2,9.17,0.09,9.99,2024-04-01 05:30:09
38,Butsbal,pc,2,2.74,0.09,2.99,2024-04-14 05:56:19
34,Dark Eden,pc,1,0.0,0.09,0.0,2024-04-08 22:46:19
14,MapleStory,pc,1,0.0,0.09,0.0,2024-04-04 04:16:28
51,Tank Brawl,pc,2,3.66,0.09,3.99,2024-04-03 06:22:46
9,Rally Copters,pc,2,6.41,0.09,6.99,2024-04-17 06:07:45
31,Jet Racing Extreme,pc,2,3.66,0.09,3.99,2024-04-22 15:02:32
40,CATS!,pc,2,9.17,0.09,9.99,2024-04-12 13:02:32
86,Ziro,pc,2,4.58,0.09,4.99,2024-04-07 01:39:58
6,Path of Exile,pc,1,0.0,0.09,0.0,2024-04-02 19:16:09
46,Chicken Invaders 2,pc,2,3.66,0.09,3.99,2024-04-11 00:18:20
82,Etherium,pc,2,18.34,0.09,19.99,2024-04-12 08:42:03
31,Jet Racing Extreme,pc,2,3.66,0.09,3.99,2024-04-08 10:11:11
34,Dark Eden,pc,1,0.0,0.09,0.0,2024-04-02 05:20:17
77,Iron Storm,pc,2,2.74,0.09,2.99,2024-04-03 17:42:48
13,Sky Rogue,pc,2,9.17,0.09,9.99,2024-04-15 00:48:50
86,Ziro,pc,2,4.58,0.09,4.99,2024-04-04 00:02:35
20,WolfQuest,pc,2,9.17,0.09,9.99,2024-04-20 11:27:28
79,Starion Tactics,pc,2,9.17,0.09,9.99,2024-04-03 23:57:47
14,MapleStory,pc,1,0.0,0.09,0.0,2024-04-13 09:07:45
15,Below Kryll,pc,2,4.58,0.09,4.99,2024-04-25 15:56:44
51,Tank Brawl,pc,2,3.66,0.09,3.99,2024-04-19 13:50:25
26,Altitude,pc,2,0.0,0.09,0.0,2024-04-22 07:47:35
33,Galaxy Admirals,pc,2,1.83,0.09,1.99,2024-04-09 16:08:00
84,Demons with Shotguns,pc,2,9.17,0.09,9.99,2024-04-15 11:51:19
86,Ziro,pc,2,4.58,0.09,4.99,2024-04-12 00:37:10
75,Brief Karate Foolish,pc,2,0.0,0.09,0.0,2024-04-20 07:22:34
78,Dungeons 2,pc,2,27.51,0.09,29.99,2024-04-06 04:37:18
8,Scary Girl,pc,2,6.41,0.09,6.99,2024-04-24 17:42:41
84,Demons with Shotguns,pc,2,9.17,0.09,9.99,2024-04-26 21:04:25
63,Broforce,pc,2,6.87,0.09,7.49,2024-04-16 04:12:16
15,Below Kryll,pc,2,4.58,0.09,4.99,2024-04-28 09:52:31
78,Dungeons 2,pc,2,27.51,0.09,29.99,2024-04-22 07:05:57
6,Path of Exile,pc,1,0.0,0.09,0.0,2024-04-05 11:54:57
30,Rivals of Aether,pc,2,13.75,0.09,14.99,2024-04-03 14:57:22
22,Bombernauts,pc,2,9.17,0.09,9.99,2024-04-17 12:18:31
84,Demons with Shotguns,pc,2,9.17,0.09,9.99,2024-04-16 12:51:14
89,InfinitasDM,pc,2,9.17,0.09,9.99,2024-04-10 07:39:59
15,Below Kryll,pc,2,4.58,0.09,4.99,2024-04-25 17:00:43
77,Iron Storm,pc,2,2.74,0.09,2.99,2024-04-06 22:02:02
46,Chicken Invaders 2,pc,2,3.66,0.09,3.99,2024-04-08 09:49:52
30,Rivals of Aether,pc,2,13.75,0.09,14.99,2024-04-19 01:01:03
86,Ziro,pc,2,4.58,0.09,4.99,2024-04-13 09:05:47
9,Rally Copters,pc,2,6.41,0.09,6.99,2024-04-22 18:26:29
80,Project CARS,pc,2,27.51,0.09,29.99,2024-04-11 22:57:17
63,Broforce,pc,2,6.87,0.09,7.49,2024-04-24 19:21:37
51,Tank Brawl,pc,2,3.66,0.09,3.99,2024-04-18 18:34:06
63,Broforce,pc,2,6.87,0.09,7.49,2024-04-02 11:15:24
13,Sky Rogue,pc,2,9.17,0.09,9.99,2024-04-22 12:36:39
69,Shiftlings,pc,2,6.87,0.09,7.49,2024-04-18 05:04:12
6,Path of Exile,pc,1,0.0,0.09,0.0,2024-04-17 01:03:02
78,Dungeons 2,pc,2,27.51,0.09,29.99,2024-04-28 00:24:58
30,Rivals of Aether,pc,2,13.75,0.09,14.99,2024-04-17 15:49:47
51,Tank Brawl,pc,2,3.66,0.09,3.99,2024-04-19 17:58:48
86,Ziro,pc,2,4.58,0.09,4.99,2024-04-26 23:33:33
79,Starion Tactics,pc,2,9.17,0.09,9.99,2024-04-19 19:55:40
20,WolfQuest,pc,2,9.17,0.09,9.99,2024-04-06 19:20:33
51,Tank Brawl,pc,2,3.66,0.09,3.99,2024-04-20 14:39:26
38,Butsbal,pc,2,2.74,0.09,2.99,2024-04-05 19:10:56
77,Iron Storm,pc,2,2.74,0.09,2.99,2024-04-20 21:56:42
44,T-Kara Puzzles,pc,2,2.74,0.09,2.99,2024-04-13 02:06:41
89,InfinitasDM,pc,2,9.17,0.09,9.99,2024-04-05 18:39:50
7,Insecters War,pc,2,0.0,0.09,0.0,2024-04-12 00:30:00
38,Butsbal,pc,2,2.74,0.09,2.99,2024-04-03 05:39:16
7,Insecters War,pc,2,0.0,0.09,0.0,2024-04-04 12:53:06
26,Altitude,pc,2,0.0,0.09,0.0,2024-04-12 06:07:24
96,Brawlhalla,pc,2,0.0,0.09,0.0,2024-04-28 02:50:35
25,Lost Castle,pc,2,9.17,0.09,9.99,2024-04-22 07:23:14
54,A Fistful of Gun,pc,2,11.92,0.09,12.99,2024-04-15 01:02:00
46,Chicken Invaders 2,pc,2,3.66,0.09,3.99,2024-04-25 14:27:39
79,Starion Tactics,pc,2,9.17,0.09,9.99,2024-04-28 03:45:10
25,Lost Castle,pc,2,9.17,0.09,9.99,2024-04-01 11:43:46
30,Rivals of Aether,pc,2,13.75,0.09,14.99,2024-04-15 00:44:53
4,Gemini Wars,pc,2,13.75,0.09,14.99,2024-04-03 09:23:12
86,Ziro,pc,2,4.58,0.09,4.99,2024-04-25 22:50:11
77,Iron Storm,pc,2,2.74,0.09,2.99,2024-04-27 08:34:32
4,Gemini Wars,pc,2,13.75,0.09,14.99,2024-04-07 04:42:59
9,Rally Copters,pc,2,6.41,0.09,6.99,2024-04-12 22:19:30
22,Bombernauts,pc,2,9.17,0.09,9.99,2024-04-06 17:53:38
86,Ziro,pc,2,4.58,0.09,4.99,2024-04-10 19:20:24
20,WolfQuest,pc,2,9.17,0.09,9.99,2024-04-06 22:26:09
86,Ziro,pc,2,4.58,0.09,4.99,2024-04-06 13:35:14
81,Tempest,pc,2,13.75,0.09,14.99,2024-04-08 06:39:33
38,Butsbal,pc,2,2.74,0.09,2.99,2024-04-13 08:30:58
79,Starion Tactics,pc,2,9.17,0.09,9.99,2024-04-21 20:39:42
8,Scary Girl,pc,2,6.41,0.09,6.99,2024-04-08 18:08:24
79,Starion Tactics,pc,2,9.17,0.09,9.99,2024-04-27 15:10:22
6,Path of Exile,pc,1,0.0,0.09,0.0,2024-04-22 12:16:32
46,Chicken Invaders 2,pc,2,3.66,0.09,3.99,2024-04-03 08:53:05
15,Below Kryll,pc,2,4.58,0.09,4.99,2024-04-25 08:37:47
86,Ziro,pc,2,4.58,0.09,4.99,2024-04-17 06:36:28
79,Starion Tactics,pc,2,9.17,0.09,9.99,2024-04-22 10:13:30
9,Rally Copters,pc,2,6.41,0.09,6.99,2024-04-17 19:41:56
63,Broforce,pc,2,6.87,0.09,7.49,2024-04-28 16:51:54
93,Streets of Fury EX,pc,2,9.17,0.09,9.99,2024-04-15 00:49:21
78,Dungeons 2,pc,2,27.51,0.09,29.99,2024-04-06 22:38:42
63,Broforce,pc,2,6.87,0.09,7.49,2024-04-17 02:00:57
79,Starion Tactics,pc,2,9.17,0.09,9.99,2024-04-09 05:03:59
4,Gemini Wars,pc,2,13.75,0.09,14.99,2024-04-19 17:06:04
25,Lost Castle,pc,2,9.17,0.09,9.99,2024-04-04 03:55:34
63,Broforce,pc,2,6.87,0.09,7.49,2024-04-27 23:23:28
89,InfinitasDM,pc,2,9.17,0.09,9.99,2024-04-17 01:28:08
45,BattleSpace,pc,1,0.0,0.09,0.0,2024-04-13 05:52:59
63,Broforce,pc,2,6.87,0.09,7.49,2024-04-17 02:48:02
11,Crea,pc,2,13.75,0.09,14.99,2024-04-03 16:53:43
63,Broforce,pc,2,6.87,0.09,7.49,2024-04-13 14:57:10
15,Below Kryll,pc,2,4.58,0.09,4.99,2024-04-10 16:03:40
4,Gemini Wars,pc,2,13.75,0.09,14.99,2024-04-06 04:41:21
79,Starion Tactics,pc,2,9.17,0.09,9.99,2024-04-01 18:05:27
46,Chicken Invaders 2,pc,2,3.66,0.09,3.99,2024-04-02 09:03:15
20,WolfQuest,pc,2,9.17,0.09,9.99,2024-04-24 00:38:08
14,MapleStory,pc,1,0.0,0.09,0.0,2024-04-04 07:47:32
26,Altitude,pc,2,0.0,0.09,0.0,2024-04-28 19:04:11
51,Tank Brawl,pc,2,3.66,0.09,3.99,2024-04-02 10:31:56
2,ONRAID,pc,1,9.17,0.09,9.99,2024-04-01 06:32:05
46,Chicken Invaders 2,pc,2,3.66,0.09,3.99,2024-04-04 18:44:12
64,SUPERFIGHT,pc,2,9.17,0.09,9.99,2024-04-25 12:03:19
25,Lost Castle,pc,2,9.17,0.09,9.99,2024-04-07 03:17:48
9,Rally Copters,pc,2,6.41,0.09,6.99,2024-04-24 11:48:38
38,Butsbal,pc,2,2.74,0.09,2.99,2024-04-05 04:07:37
86,Ziro,pc,2,4.58,0.09,4.99,2024-04-20 21:21:32
23,AoF Chess Club 2.0,pc,2,9.17,0.09,9.99,2024-04-06 22:02:37
30,Rivals of Aether,pc,2,13.75,0.09,14.99,2024-04-08 12:32:26
86,Ziro,pc,2,4.58,0.09,4.99,2024-04-12 22:32:34
46,Chicken Invaders 2,pc,2,3.66,0.09,3.99,2024-04-04 14:03:48
15,Below Kryll,pc,2,4.58,0.09,4.99,2024-04-23 02:06:51
9,Rally Copters,pc,2,6.41,0.09,6.99,2024-04-19 17:06:16
38,Butsbal,pc,2,2.74,0.09,2.99,2024-04-22 17:00:14
63,Broforce,pc,2,6.87,0.09,7.49,2024-04-01 04:41:05
20,WolfQuest,pc,2,9.17,0.09,9.99,2024-04-26 01:30:14
80,Project CARS,pc,2,27.51,0.09,29.99,2024-04-22 16:10:46
63,Broforce,pc,2,6.87,0.09,7.49,2024-04-27 01:50:59
39,Ms. Splosion Man,pc,2,9.17,0.09,9.99,2024-04-12 08:05:56
30,Rivals of Aether,pc,2,13.75,0.09,14.99,2024-04-12 08:58:16
97,Dofus,pc,1,0.0,0.09,0.0,2024-04-28 03:58:06
14,MapleStory,pc,1,0.0,0.09,0.0,2024-04-18 01:51:08
11,Crea,pc,2,13.75,0.09,14.99,2024-04-14 01:42:56
51,Tank Brawl,pc,2,3.66,0.09,3.99,2024-04-13 09:02:52
25,Lost Castle,pc,2,9.17,0.09,9.99,2024-04-21 00:45:27
42,DiRT Rally,pc,2,55.04,0.09,59.99,2024-04-12 14:03:01
4,Gemini Wars,pc,2,13.75,0.09,14.99,2024-04-16 03:13:38
20,WolfQuest,pc,2,9.17,0.09,9.99,2024-04-27 22:47:24
46,Chicken Invaders 2,pc,2,3.66,0.09,3.99,2024-04-03 15:31:10
63,Broforce,pc,2,6.87,0.09,7.49,2024-04-08 20:06:41
93,Streets of Fury EX,pc,2,9.17,0.09,9.99,2024-04-09 10:33:45
46,Chicken Invaders 2,pc,2,3.66,0.09,3.99,2024-04-06 00:14:20
11,Crea,pc,2,13.75,0.09,14.99,2024-04-13 05:54:28
63,Broforce,pc,2,6.87,0.09,7.49,2024-04-14 03:02:41
34,Dark Eden,pc,1,0.0,0.09,0.0,2024-04-11 09:36:38
81,Tempest,pc,2,13.75,0.09,14.99,2024-04-02 19:24:40
81,Tempest,pc,2,13.75,0.09,14.99,2024-04-24 22:46:10
80,Project CARS,pc,2,27.51,0.09,29.99,2024-04-18 11:15:26
75,Brief Karate Foolish,pc,2,0.0,0.09,0.0,2024-04-28 17:12:04
75,Brief Karate Foolish,pc,2,0.0,0.09,0.0,2024-04-04 00:28:35
9,Rally Copters,pc,2,6.41,0.09,6.99,2024-04-13 08:00:45
31,Jet Racing Extreme,pc,2,3.66,0.09,3.99,2024-04-16 10:21:21
80,Project CARS,pc,2,27.51,0.09,29.99,2024-04-04 00:45:53
79,Starion Tactics,pc,2,9.17,0.09,9.99,2024-04-15 00:57:06
7,Insecters War,pc,2,0.0,0.09,0.0,2024-04-18 18:28:22
79,Starion Tactics,pc,2,9.17,0.09,9.99,2024-04-13 22:05:07
38,Butsbal,pc,2,2.74,0.09,2.99,2024-04-28 09:56:08
82,Etherium,pc,2,18.34,0.09,19.99,2024-04-24 14:42:29
38,Butsbal,pc,2,2.74,0.09,2.99,2024-04-18 16:49:57
30,Rivals of Aether,pc,2,13.75,0.09,14.99,2024-04-22 10:05:20
86,Ziro,pc,2,4.58,0.09,4.99,2024-04-08 16:05:00
63,Broforce,pc,2,6.87,0.09,7.49,2024-04-01 21:31:35
14,MapleStory,pc,1,0.0,0.09,0.0,2024-04-06 08:40:56
46,Chicken Invaders 2,pc,2,3.66,0.09,3.99,2024-04-13 20:53:13
46,Chicken Invaders 2,pc,2,3.66,0.09,3.99,2024-04-23 00:36:04
26,Altitude,pc,2,0.0,0.09,0.0,2024-04-09 17:32:35
26,Altitude,pc,2,0.0,0.09,0.0,2024-04-19 07:19:09
46,Chicken Invaders 2,pc,2,3.66,0.09,3.99,2024-04-02 13:23:23
98,Tales of Zestiria,pc,2,45.86,0.09,49.99,2024-04-28 21:08:06
30,Rivals of Aether,pc,2,13.75,0.09,14.99,2024-04-29 16:34:35
20,WolfQuest,pc,2,9.17,0.09,9.99,2024-04-12 07:52:06
80,Project CARS,pc,2,27.51,0.09,29.99,2024-04-18 00:36:57
51,Tank Brawl,pc,2,3.66,0.09,3.99,2024-04-14 06:31:38
30,Rivals of Aether,pc,2,13.75,0.09,14.99,2024-04-08 08:15:49
84,Demons with Shotguns,pc,2,9.17,0.09,9.99,2024-04-16 10:16:41
89,InfinitasDM,pc,2,9.17,0.09,9.99,2024-04-08 22:53:30
80,Project CARS,pc,2,27.51,0.09,29.99,2024-04-29 09:17:59
30,Rivals of Aether,pc,2,13.75,0.09,14.99,2024-04-05 07:32:37
93,Streets of Fury EX,pc,2,9.17,0.09,9.99,2024-04-17 05:32:10
14,MapleStory,pc,1,0.0,0.09,0.0,2024-04-25 03:07:54
9,Rally Copters,pc,2,6.41,0.09,6.99,2024-04-23 11:30:58
80,Project CARS,pc,2,27.51,0.09,29.99,2024-04-13 05:42:45
20,WolfQuest,pc,2,9.17,0.09,9.99,2024-04-23 21:24:46
31,Jet Racing Extreme,pc,2,3.66,0.09,3.99,2024-04-05 03:09:45
38,Butsbal,pc,2,2.74,0.09,2.99,2024-04-04 14:34:03
11,Crea,pc,2,13.75,0.09,14.99,2024-04-12 15:14:50
28,Pixel Cup Soccer 17,pc,2,9.17,0.09,9.99,2024-04-07 16:14:37
38,Butsbal,pc,2,2.74,0.09,2.99,2024-04-02 02:47:17
92,Soccer Rage,pc,2,9.17,0.09,9.99,2024-04-26 20:19:59
71,Crate Punks,pc,2,0.91,0.09,0.99,2024-04-18 20:48:42
13,Sky Rogue,pc,2,9.17,0.09,9.99,2024-04-10 14:59:06
9,Rally Copters,pc,2,6.41,0.09,6.99,2024-04-24 09:23:40
79,Starion Tactics,pc,2,9.17,0.09,9.99,2024-04-19 15:44:23
7,Insecters War,pc,2,0.0,0.09,0.0,2024-04-13 05:55:07
32,Impire,pc,2,18.34,0.09,19.99,2024-04-08 16:12:55
26,Altitude,pc,2,0.0,0.09,0.0,2024-04-24 00:55:31
25,Lost Castle,pc,2,9.17,0.09,9.99,2024-04-08 01:35:21
25,Lost Castle,pc,2,9.17,0.09,9.99,2024-04-12 06:21:11
63,Broforce,pc,2,6.87,0.09,7.49,2024-04-27 00:00:40
63,Broforce,pc,2,6.87,0.09,7.49,2024-04-03 08:39:43
9,Rally Copters,pc,2,6.41,0.09,6.99,2024-04-28 13:57:26
7,Insecters War,pc,2,0.0,0.09,0.0,2024-04-12 23:43:41
31,Jet Racing Extreme,pc,2,3.66,0.09,3.99,2024-04-26 05:49:05
15,Below Kryll,pc,2,4.58,0.09,4.99,2024-04-04 08:57:27
20,WolfQuest,pc,2,9.17,0.09,9.99,2024-04-17 10:41:04
64,SUPERFIGHT,pc,2,9.17,0.09,9.99,2024-04-04 15:07:07
78,Dungeons 2,pc,2,27.51,0.09,29.99,2024-04-25 11:09:55
9,Rally Copters,pc,2,6.41,0.09,6.99,2024-04-28 15:08:38
18,Positron,pc,2,0.0,0.09,0.0,2024-04-05 19:06:01
13,Sky Rogue,pc,2,9.17,0.09,9.99,2024-04-28 09:58:18
46,Chicken Invaders 2,pc,2,3.66,0.09,3.99,2024-04-23 18:29:13
62,FLASHOUT 2,pc,2,4.58,0.09,4.99,2024-04-17 02:34:49
80,Project CARS,pc,2,27.51,0.09,29.99,2024-04-23 15:19:21
31,Jet Racing Extreme,pc,2,3.66,0.09,3.99,2024-04-19 19:40:11
78,Dungeons 2,pc,2,27.51,0.09,29.99,2024-04-16 03:29:39
86,Ziro,pc,2,4.58,0.09,4.99,2024-04-08 14:59:47
63,Broforce,pc,2,6.87,0.09,7.49,2024-04-29 23:32:24
34,Dark Eden,pc,1,0.0,0.09,0.0,2024-04-02 03:03:39
34,Dark Eden,pc,1,0.0,0.09,0.0,2024-04-28 21:04:52
7,Insecters War,pc,2,0.0,0.09,0.0,2024-04-05 07:34:30
87,Cowbots and Aliens,pc,2,0.0,0.09,0.0,2024-04-25 08:33:19
86,Ziro,pc,2,4.58,0.09,4.99,2024-04-27 00:26:14
30,Rivals of Aether,pc,2,13.75,0.09,14.99,2024-04-15 17:07:22
80,Project CARS,pc,2,27.51,0.09,29.99,2024-04-14 17:32:32
7,Insecters War,pc,2,0.0,0.09,0.0,2024-04-20 23:07:31
51,Tank Brawl,pc,2,3.66,0.09,3.99,2024-04-04 23:32:09
5,Actua Golf 3,pc,2,4.58,0.09,4.99,2024-04-02 12:56:50
6,Path of Exile,pc,1,0.0,0.09,0.0,2024-04-17 01:34:36
31,Jet Racing Extreme,pc,2,3.66,0.09,3.99,2024-04-07 05:38:53
46,Chicken Invaders 2,pc,2,3.66,0.09,3.99,2024-04-03 06:00:00
46,Chicken Invaders 2,pc,2,3.66,0.09,3.99,2024-04-25 06:40:15
14,MapleStory,pc,1,0.0,0.09,0.0,2024-04-15 13:21:27
7,Insecters War,pc,2,0.0,0.09,0.0,2024-04-10 12:54:51
78,Dungeons 2,pc,2,27.51,0.09,29.99,2024-04-13 09:53:52
77,Iron Storm,pc,2,2.74,0.09,2.99,2024-04-04 15:26:54
6,Path of Exile,pc,1,0.0,0.09,0.0,2024-04-06 00:06:21
6,Path of Exile,pc,1,0.0,0.09,0.0,2024-04-18 02:31:36
9,Rally Copters,pc,2,6.41,0.09,6.99,2024-04-01 23:55:22
94,RoBoRumble,pc,2,5.5,0.09,5.99,2024-04-27 16:18:32
64,SUPERFIGHT,pc,2,9.17,0.09,9.99,2024-04-17 11:35:45
82,Etherium,pc,2,18.34,0.09,19.99,2024-04-21 15:11:25
13,Sky Rogue,pc,2,9.17,0.09,9.99,2024-04-14 20:15:49
22,Bombernauts,pc,2,9.17,0.09,9.99,2024-04-25 10:59:28
22,Bombernauts,pc,2,9.17,0.09,9.99,2024-04-11 16:20:19
86,Ziro,pc,2,4.58,0.09,4.99,2024-04-03 08:16:33
86,Ziro,pc,2,4.58,0.09,4.99,2024-04-05 06:27:14
79,Starion Tactics,pc,2,9.17,0.09,9.99,2024-04-26 00:46:40
30,Rivals of Aether,pc,2,13.75,0.09,14.99,2024-04-22 18:58:11
80,Project CARS,pc,2,27.51,0.09,29.99,2024-04-18 04:35:21
38,Butsbal,pc,2,2.74,0.09,2.99,2024-04-27 18:35:24
84,Demons with Shotguns,pc,2,9.17,0.09,9.99,2024-04-09 14:55:13
26,Altitude,pc,2,0.0,0.09,0.0,2024-04-29 02:32:47
77,Iron Storm,pc,2,2.74,0.09,2.99,2024-04-21 00:26:43
36,Arma 2,pc,2,11.92,0.09,12.99,2024-04-11 03:44:11
80,Project CARS,pc,2,27.51,0.09,29.99,2024-04-10 17:21:34
75,Brief Karate Foolish,pc,2,0.0,0.09,0.0,2024-04-20 03:10:30
8,Scary Girl,pc,2,6.41,0.09,6.99,2024-04-27 01:01:41
34,Dark Eden,pc,1,0.0,0.09,0.0,2024-04-27 05:17:20
64,SUPERFIGHT,pc,2,9.17,0.09,9.99,2024-04-13 17:38:18
81,Tempest,pc,2,13.75,0.09,14.99,2024-04-27 16:47:28
9,Rally Copters,pc,2,6.41,0.09,6.99,2024-04-01 06:36:07
7,Insecters War,pc,2,0.0,0.09,0.0,2024-04-27 08:46:41
51,Tank Brawl,pc,2,3.66,0.09,3.99,2024-04-18 16:51:24
46,Chicken Invaders 2,pc,2,3.66,0.09,3.99,2024-04-23 02:38:42
38,Butsbal,pc,2,2.74,0.09,2.99,2024-04-26 09:55:40
9,Rally Copters,pc,2,6.41,0.09,6.99,2024-04-28 04:37:55
93,Streets of Fury EX,pc,2,9.17,0.09,9.99,2024-04-27 14:32:21
86,Ziro,pc,2,4.58,0.09,4.99,2024-04-17 11:43:40
15,Below Kryll,pc,2,4.58,0.09,4.99,2024-04-04 12:20:22
20,WolfQuest,pc,2,9.17,0.09,9.99,2024-04-02 01:31:44
38,Butsbal,pc,2,2.74,0.09,2.99,2024-04-20 00:59:21
15,Below Kryll,pc,2,4.58,0.09,4.99,2024-04-12 10:57:16
31,Jet Racing Extreme,pc,2,3.66,0.09,3.99,2024-04-19 05:05:52
46,Chicken Invaders 2,pc,2,3.66,0.09,3.99,2024-04-06 21:23:49
63,Broforce,pc,2,6.87,0.09,7.49,2024-04-09 14:26:49
75,Brief Karate Foolish,pc,2,0.0,0.09,0.0,2024-04-02 23:50:10
7,Insecters War,pc,2,0.0,0.09,0.0,2024-04-15 01:12:28
11,Crea,pc,2,13.75,0.09,14.99,2024-04-22 18:16:53
51,Tank Brawl,pc,2,3.66,0.09,3.99,2024-04-13 15:55:58
31,Jet Racing Extreme,pc,2,3.66,0.09,3.99,2024-04-20 13:50:44
64,SUPERFIGHT,pc,2,9.17,0.09,9.99,2024-04-07 14:51:28
34,Dark Eden,pc,1,0.0,0.09,0.0,2024-04-13 18:55:09
30,Rivals of Aether,pc,2,13.75,0.09,14.99,2024-04-10 14:42:24
46,Chicken Invaders 2,pc,2,3.66,0.09,3.99,2024-04-10 00:20:36
80,Project CARS,pc,2,27.51,0.09,29.99,2024-04-16 10:44:10
14,MapleStory,pc,1,0.0,0.09,0.0,2024-04-15 14:00:51
8,Scary Girl,pc,2,6.41,0.09,6.99,2024-04-07 10:41:56
75,Brief Karate Foolish,pc,2,0.0,0.09,0.0,2024-04-13 23:39:59
77,Iron Storm,pc,2,2.74,0.09,2.99,2024-04-06 07:28:45
81,Tempest,pc,2,13.75,0.09,14.99,2024-04-22 19:12:56
63,Broforce,pc,2,6.87,0.09,7.49,2024-04-02 13:51:35
75,Brief Karate Foolish,pc,2,0.0,0.09,0.0,2024-04-12 06:38:20
38,Butsbal,pc,2,2.74,0.09,2.99,2024-04-17 09:48:56
80,Project CARS,pc,2,27.51,0.09,29.99,2024-04-21 00:00:57
47,Sphere Complex,pc,2,9.17,0.09,9.99,2024-04-13 21:44:45
9,Rally Copters,pc,2,6.41,0.09,6.99,2024-04-04 01:30:41
46,Chicken Invaders 2,pc,2,3.66,0.09,3.99,2024-04-11 15:39:04
81,Tempest,pc,2,13.75,0.09,14.99,2024-04-24 18:38:36
30,Rivals of Aether,pc,2,13.75,0.09,14.99,2024-04-07 07:44:34
7,Insecters War,pc,2,0.0,0.09,0.0,2024-04-27 14:21:30
93,Streets of Fury EX,pc,2,9.17,0.09,9.99,2024-04-03 19:20:52
31,Jet Racing Extreme,pc,2,3.66,0.09,3.99,2024-04-29 06:06:37
34,Dark Eden,pc,1,0.0,0.09,0.0,2024-04-25 15:21:00
20,WolfQuest,pc,2,9.17,0.09,9.99,2024-04-20 12:27:04
13,Sky Rogue,pc,2,9.17,0.09,9.99,2024-04-29 15:56:23
22,Bombernauts,pc,2,9.17,0.09,9.99,2024-04-19 18:30:05
30,Rivals of Aether,pc,2,13.75,0.09,14.99,2024-04-10 20:05:44
86,Ziro,pc,2,4.58,0.09,4.99,2024-04-23 04:16:51
50,BRINK,pc,2,7.33,0.09,7.99,2024-04-14 05:51:50
63,Broforce,pc,2,6.87,0.09,7.49,2024-04-23 16:15:04
9,Rally Copters,pc,2,6.41,0.09,6.99,2024-04-18 19:42:51
7,Insecters War,pc,2,0.0,0.09,0.0,2024-04-23 19:25:57
46,Chicken Invaders 2,pc,2,3.66,0.09,3.99,2024-04-29 18:46:39
7,Insecters War,pc,2,0.0,0.09,0.0,2024-04-04 00:24:42
80,Project CARS,pc,2,27.51,0.09,29.99,2024-04-13 00:00:14
7,Insecters War,pc,2,0.0,0.09,0.0,2024-04-28 10:57:13
51,Tank Brawl,pc,2,3.66,0.09,3.99,2024-04-12 04:29:48
82,Etherium,pc,2,18.34,0.09,19.99,2024-04-06 05:39:46
7,Insecters War,pc,2,0.0,0.09,0.0,2024-04-29 23:04:46
81,Tempest,pc,2,13.75,0.09,14.99,2024-04-10 01:22:34
80,Project CARS,pc,2,27.51,0.09,29.99,2024-04-15 03:16:00
82,Etherium,pc,2,18.34,0.09,19.99,2024-04-24 05:08:48
93,Streets of Fury EX,pc,2,9.17,0.09,9.99,2024-04-15 12:24:22
20,WolfQuest,pc,2,9.17,0.09,9.99,2024-04-16 06:44:58
30,Rivals of Aether,pc,2,13.75,0.09,14.99,2024-04-26 13:47:10
6,Path of Exile,pc,1,0.0,0.09,0.0,2024-04-21 20:53:41
31,Jet Racing Extreme,pc,2,3.66,0.09,3.99,2024-04-03 02:55:22
38,Butsbal,pc,2,2.74,0.09,2.99,2024-04-12 07:29:17
82,Etherium,pc,2,18.34,0.09,19.99,2024-04-21 04:42:32
31,Jet Racing Extreme,pc,2,3.66,0.09,3.99,2024-04-25 18:23:26
89,InfinitasDM,pc,2,9.17,0.09,9.99,2024-04-26 01:09:30
4,Gemini Wars,pc,2,13.75,0.09,14.99,2024-04-11 14:34:19
95,iFactor,pc,2,0.0,0.09,0.0,2024-04-27 19:07:32
22,Bombernauts,pc,2,9.17,0.09,9.99,2024-04-16 07:33:33
63,Broforce,pc,2,6.87,0.09,7.49,2024-04-26 06:49:08
64,SUPERFIGHT,pc,2,9.17,0.09,9.99,2024-04-09 11:35:00
82,Etherium,pc,2,18.34,0.09,19.99,2024-04-13 09:30:12
26,Altitude,pc,2,0.0,0.09,0.0,2024-04-12 15:38:09
79,Starion Tactics,pc,2,9.17,0.09,9.99,2024-04-20 14:34:46
4,Gemini Wars,pc,2,13.75,0.09,14.99,2024-04-15 20:41:29
20,WolfQuest,pc,2,9.17,0.09,9.99,2024-04-02 11:24:53
20,WolfQuest,pc,2,9.17,0.09,9.99,2024-04-12 03:31:35
14,MapleStory,pc,1,0.0,0.09,0.0,2024-04-29 03:50:05
80,Project CARS,pc,2,27.51,0.09,29.99,2024-04-14 14:47:50
63,Broforce,pc,2,6.87,0.09,7.49,2024-04-06 22:08:19
46,Chicken Invaders 2,pc,2,3.66,0.09,3.99,2024-04-11 18:02:27
78,Dungeons 2,pc,2,27.51,0.09,29.99,2024-04-24 23:10:45
15,Below Kryll,pc,2,4.58,0.09,4.99,2024-04-02 15:54:20
13,Sky Rogue,pc,2,9.17,0.09,9.99,2024-04-07 18:52:13
7,Insecters War,pc,2,0.0,0.09,0.0,2024-04-14 01:29:26
11,Crea,pc,2,13.75,0.09,14.99,2024-04-18 01:22:56
79,Starion Tactics,pc,2,9.17,0.09,9.99,2024-04-28 08:06:15
63,Broforce,pc,2,6.87,0.09,7.49,2024-04-22 00:34:25
79,Starion Tactics,pc,2,9.17,0.09,9.99,2024-04-24 05:44:19
78,Dungeons 2,pc,2,27.51,0.09,29.99,2024-04-15 08:49:30
75,Brief Karate Foolish,pc,2,0.0,0.09,0.0,2024-04-15 09:41:33
86,Ziro,pc,2,4.58,0.09,4.99,2024-04-05 16:03:55
78,Dungeons 2,pc,2,27.51,0.09,29.99,2024-04-19 03:10:55
41,Random Access Murder,pc,2,2.74,0.09,2.99,2024-04-12 13:35:00
25,Lost Castle,pc,2,9.17,0.09,9.99,2024-04-07 11:24:51
30,Rivals of Aether,pc,2,13.75,0.09,14.99,2024-04-26 00:47:35
11,Crea,pc,2,13.75,0.09,14.99,2024-04-26 15:24:10
86,Ziro,pc,2,4.58,0.09,4.99,2024-04-11 20:44:25
63,Broforce,pc,2,6.87,0.09,7.49,2024-04-06 17:36:08
89,InfinitasDM,pc,2,9.17,0.09,9.99,2024-04-17 12:23:37
6,Path of Exile,pc,1,0.0,0.09,0.0,2024-04-07 01:47:30
13,Sky Rogue,pc,2,9.17,0.09,9.99,2024-04-25 10:45:07
86,Ziro,pc,2,4.58,0.09,4.99,2024-04-15 08:38:17
55,Fighties,pc,2,4.58,0.09,4.99,2024-04-15 01:46:58
9,Rally Copters,pc,2,6.41,0.09,6.99,2024-04-17 05:42:19
93,Streets of Fury EX,pc,2,9.17,0.09,9.99,2024-04-17 19:53:48
89,InfinitasDM,pc,2,9.17,0.09,9.99,2024-04-02 08:39:23
80,Project CARS,pc,2,27.51,0.09,29.99,2024-04-09 12:27:00
46,Chicken Invaders 2,pc,2,3.66,0.09,3.99,2024-04-04 04:26:42
14,MapleStory,pc,1,0.0,0.09,0.0,2024-04-14 12:01:12
93,Streets of Fury EX,pc,2,9.17,0.09,9.99,2024-04-20 08:50:04
14,MapleStory,pc,1,0.0,0.09,0.0,2024-04-22 15:15:35
9,Rally Copters,pc,2,6.41,0.09,6.99,2024-04-03 00:07:23
46,Chicken Invaders 2,pc,2,3.66,0.09,3.99,2024-04-12 18:17:07
9,Rally Copters,pc,2,6.41,0.09,6.99,2024-04-09 03:26:27
63,Broforce,pc,2,6.87,0.09,7.49,2024-04-09 10:13:55
77,Iron Storm,pc,2,2.74,0.09,2.99,2024-04-25 22:13:00
4,Gemini Wars,pc,2,13.75,0.09,14.99,2024-04-25 05:49:43
25,Lost Castle,pc,2,9.17,0.09,9.99,2024-04-02 03:34:42
63,Broforce,pc,2,6.87,0.09,7.49,2024-04-26 12:51:23
80,Project CARS,pc,2,27.51,0.09,29.99,2024-04-19 02:14:39
46,Chicken Invaders 2,pc,2,3.66,0.09,3.99,2024-04-23 07:28:50
57,ORION,pc,2,0.91,0.09,0.99,2024-04-15 03:17:18
30,Rivals of Aether,pc,2,13.75,0.09,14.99,2024-04-15 13:40:53
20,WolfQuest,pc,2,9.17,0.09,9.99,2024-04-12 11:58:53
86,Ziro,pc,2,4.58,0.09,4.99,2024-04-09 00:51:24
80,Project CARS,pc,2,27.51,0.09,29.99,2024-04-23 13:32:32
7,Insecters War,pc,2,0.0,0.09,0.0,2024-04-14 11:11:38
80,Project CARS,pc,2,27.51,0.09,29.99,2024-04-11 03:06:07
82,Etherium,pc,2,18.34,0.09,19.99,2024-04-29 13:23:55
80,Project CARS,pc,2,27.51,0.09,29.99,2024-04-07 06:13:05
82,Etherium,pc,2,18.34,0.09,19.99,2024-04-29 12:31:29
78,Dungeons 2,pc,2,27.51,0.09,29.99,2024-04-13 13:44:24
8,Scary Girl,pc,2,6.41,0.09,6.99,2024-04-26 03:44:20
25,Lost Castle,pc,2,9.17,0.09,9.99,2024-04-01 03:18:06
46,Chicken Invaders 2,pc,2,3.66,0.09,3.99,2024-04-26 18:05:47
7,Insecters War,pc,2,0.0,0.09,0.0,2024-04-19 18:20:50
46,Chicken Invaders 2,pc,2,3.66,0.09,3.99,2024-04-24 00:37:12
84,Demons with Shotguns,pc,2,9.17,0.09,9.99,2024-04-01 11:18:19
93,Streets of Fury EX,pc,2,9.17,0.09,9.99,2024-04-27 00:05:17
9,Rally Copters,pc,2,6.41,0.09,6.99,2024-04-20 22:58:47
80,Project CARS,pc,2,27.51,0.09,29.99,2024-04-29 17:45:14
38,Butsbal,pc,2,2.74,0.09,2.99,2024-04-03 23:57:45
7,Insecters War,pc,2,0.0,0.09,0.0,2024-04-24 11:13:37
38,Butsbal,pc,2,2.74,0.09,2.99,2024-04-22 06:19:52
78,Dungeons 2,pc,2,27.51,0.09,29.99,2024-04-24 07:09:17
46,Chicken Invaders 2,pc,2,3.66,0.09,3.99,2024-04-21 03:53:10
46,Chicken Invaders 2,pc,2,3.66,0.09,3.99,2024-04-25 06:51:38
46,Chicken Invaders 2,pc,2,3.66,0.09,3.99,2024-04-12 06:51:51
63,Broforce,pc,2,6.87,0.09,7.49,2024-04-01 23:52:10
85,Cubemen,pc,2,3.66,0.09,3.99,2024-04-24 04:08:30
93,Streets of Fury EX,pc,2,9.17,0.09,9.99,2024-04-17 10:15:44
75,Brief Karate Foolish,pc,2,0.0,0.09,0.0,2024-04-21 23:21:27
31,Jet Racing Extreme,pc,2,3.66,0.09,3.99,2024-04-09 04:36:20
79,Starion Tactics,pc,2,9.17,0.09,9.99,2024-04-19 06:51:27
8,Scary Girl,pc,2,6.41,0.09,6.99,2024-04-20 13:14:20
84,Demons with Shotguns,pc,2,9.17,0.09,9.99,2024-04-14 08:38:59
38,Butsbal,pc,2,2.74,0.09,2.99,2024-04-24 05:08:20
75,Brief Karate Foolish,pc,2,0.0,0.09,0.0,2024-04-29 06:57:47
89,InfinitasDM,pc,2,9.17,0.09,9.99,2024-04-13 13:28:49
80,Project CARS,pc,2,27.51,0.09,29.99,2024-04-10 23:28:36
9,Rally Copters,pc,2,6.41,0.09,6.99,2024-04-18 10:54:48
63,Broforce,pc,2,6.87,0.09,7.49,2024-04-01 21:01:47
77,Iron Storm,pc,2,2.74,0.09,2.99,2024-04-12 11:20:44
9,Rally Copters,pc,2,6.41,0.09,6.99,2024-04-24 19:04:49
79,Starion Tactics,pc,2,9.17,0.09,9.99,2024-04-05 02:24:38
34,Dark Eden,pc,1,0.0,0.09,0.0,2024-04-23 07:30:58
6,Path of Exile,pc,1,0.0,0.09,0.0,2024-04-27 10:07:34
64,SUPERFIGHT,pc,2,9.17,0.09,9.99,2024-04-09 03:17:23
38,Butsbal,pc,2,2.74,0.09,2.99,2024-04-18 11:10:54
93,Streets of Fury EX,pc,2,9.17,0.09,9.99,2024-04-25 14:38:37
51,Tank Brawl,pc,2,3.66,0.09,3.99,2024-04-26 12:13:13
46,Chicken Invaders 2,pc,2,3.66,0.09,3.99,2024-04-18 19:40:45
64,SUPERFIGHT,pc,2,9.17,0.09,9.99,2024-04-03 00:13:29
9,Rally Copters,pc,2,6.41,0.09,6.99,2024-04-03 10:35:36
89,InfinitasDM,pc,2,9.17,0.09,9.99,2024-04-05 00:43:11
63,Broforce,pc,2,6.87,0.09,7.49,2024-04-14 10:47:21
14,MapleStory,pc,1,0.0,0.09,0.0,2024-04-18 03:47:07
31,Jet Racing Extreme,pc,2,3.66,0.09,3.99,2024-04-06 10:31:45
7,Insecters War,pc,2,0.0,0.09,0.0,2024-04-04 10:45:46
13,Sky Rogue,pc,2,9.17,0.09,9.99,2024-04-25 18:26:21
11,Crea,pc,2,13.75,0.09,14.99,2024-04-01 23:52:33
7,Insecters War,pc,2,0.0,0.09,0.0,2024-04-26 06:47:18
7,Insecters War,pc,2,0.0,0.09,0.0,2024-04-14 00:19:37
89,InfinitasDM,pc,2,9.17,0.09,9.99,2024-04-06 05:34:12
22,Bombernauts,pc,2,9.17,0.09,9.99,2024-04-05 11:20:29
34,Dark Eden,pc,1,0.0,0.09,0.0,2024-04-05 10:16:20
75,Brief Karate Foolish,pc,2,0.0,0.09,0.0,2024-04-07 08:10:25
38,Butsbal,pc,2,2.74,0.09,2.99,2024-04-09 13:21:44
13,Sky Rogue,pc,2,9.17,0.09,9.99,2024-04-05 00:19:07
6,Path of Exile,pc,1,0.0,0.09,0.0,2024-04-09 11:12:46
14,MapleStory,pc,1,0.0,0.09,0.0,2024-04-02 15:31:02
89,InfinitasDM,pc,2,9.17,0.09,9.99,2024-04-19 22:22:26
63,Broforce,pc,2,6.87,0.09,7.49,2024-04-11 09:46:07
82,Etherium,pc,2,18.34,0.09,19.99,2024-04-06 16:29:14
77,Iron Storm,pc,2,2.74,0.09,2.99,2024-04-18 03:34:26
15,Below Kryll,pc,2,4.58,0.09,4.99,2024-04-26 12:40:54
9,Rally Copters,pc,2,6.41,0.09,6.99,2024-04-24 05:51:42
80,Project CARS,pc,2,27.51,0.09,29.99,2024-04-17 08:51:21
6,Path of Exile,pc,1,0.0,0.09,0.0,2024-04-26 23:03:01
77,Iron Storm,pc,2,2.74,0.09,2.99,2024-04-21 14:33:10
78,Dungeons 2,pc,2,27.51,0.09,29.99,2024-04-13 16:22:37
84,Demons with Shotguns,pc,2,9.17,0.09,9.99,2024-04-12 03:39:51
20,WolfQuest,pc,2,9.17,0.09,9.99,2024-04-28 00:33:20
4,Gemini Wars,pc,2,13.75,0.09,14.99,2024-04-21 21:55:35
56,RIP - Trilogy(tm),pc,2,4.58,0.09,4.99,2024-04-15 03:00:24
89,InfinitasDM,pc,2,9.17,0.09,9.99,2024-04-16 17:20:01
38,Butsbal,pc,2,2.74,0.09,2.99,2024-04-24 16:31:32
38,Butsbal,pc,2,2.74,0.09,2.99,2024-04-26 17:12:28
15,Below Kryll,pc,2,4.58,0.09,4.99,2024-04-04 14:58:02
84,Demons with Shotguns,pc,2,9.17,0.09,9.99,2024-04-07 23:28:54
86,Ziro,pc,2,4.58,0.09,4.99,2024-04-05 22:13:47
13,Sky Rogue,pc,2,9.17,0.09,9.99,2024-04-15 23:08:56
13,Sky Rogue,pc,2,9.17,0.09,9.99,2024-04-15 15:12:59
81,Tempest,pc,2,13.75,0.09,14.99,2024-04-08 17:34:49
84,Demons with Shotguns,pc,2,9.17,0.09,9.99,2024-04-18 03:42:52
30,Rivals of Aether,pc,2,13.75,0.09,14.99,2024-04-15 19:42:46
81,Tempest,pc,2,13.75,0.09,14.99,2024-04-17 08:06:19
14,MapleStory,pc,1,0.0,0.09,0.0,2024-04-05 23:24:09
6,Path of Exile,pc,1,0.0,0.09,0.0,2024-04-16 20:51:15
38,Butsbal,pc,2,2.74,0.09,2.99,2024-04-20 03:52:36
7,Insecters War,pc,2,0.0,0.09,0.0,2024-04-13 03:07:20
46,Chicken Invaders 2,pc,2,3.66,0.09,3.99,2024-04-23 13:02:19
75,Brief Karate Foolish,pc,2,0.0,0.09,0.0,2024-04-28 14:04:46
7,Insecters War,pc,2,0.0,0.09,0.0,2024-04-27 09:34:08
8,Scary Girl,pc,2,6.41,0.09,6.99,2024-04-29 20:24:07
4,Gemini Wars,pc,2,13.75,0.09,14.99,2024-04-23 11:14:18
6,Path of Exile,pc,1,0.0,0.09,0.0,2024-04-24 19:50:48
79,Starion Tactics,pc,2,9.17,0.09,9.99,2024-04-23 06:58:56
6,Path of Exile,pc,1,0.0,0.09,0.0,2024-04-06 04:07:27
79,Starion Tactics,pc,2,9.17,0.09,9.99,2024-04-13 23:21:38
25,Lost Castle,pc,2,9.17,0.09,9.99,2024-04-08 03:15:16
9,Rally Copters,pc,2,6.41,0.09,6.99,2024-04-24 08:13:45
93,Streets of Fury EX,pc,2,9.17,0.09,9.99,2024-04-02 00:38:17
63,Broforce,pc,2,6.87,0.09,7.49,2024-04-08 08:09:06
22,Bombernauts,pc,2,9.17,0.09,9.99,2024-04-10 13:46:06
15,Below Kryll,pc,2,4.58,0.09,4.99,2024-04-09 23:56:55
81,Tempest,pc,2,13.75,0.09,14.99,2024-04-04 00:28:40
93,Streets of Fury EX,pc,2,9.17,0.09,9.99,2024-04-09 10:25:18
4,Gemini Wars,pc,2,13.75,0.09,14.99,2024-04-02 03:23:00
9,Rally Copters,pc,2,6.41,0.09,6.99,2024-04-22 23:07:21
82,Etherium,pc,2,18.34,0.09,19.99,2024-04-22 16:50:00
13,Sky Rogue,pc,2,9.17,0.09,9.99,2024-04-21 11:24:48
11,Crea,pc,2,13.75,0.09,14.99,2024-04-24 08:41:18
9,Rally Copters,pc,2,6.41,0.09,6.99,2024-04-23 17:50:06
86,Ziro,pc,2,4.58,0.09,4.99,2024-04-10 01:17:41
4,Gemini Wars,pc,2,13.75,0.09,14.99,2024-04-02 04:34:52
84,Demons with Shotguns,pc,2,9.17,0.09,9.99,2024-04-17 19:25:01
46,Chicken Invaders 2,pc,2,3.66,0.09,3.99,2024-04-19 02:39:32
63,Broforce,pc,2,6.87,0.09,7.49,2024-04-01 04:08:34
51,Tank Brawl,pc,2,3.66,0.09,3.99,2024-04-28 13:03:32
46,Chicken Invaders 2,pc,2,3.66,0.09,3.99,2024-04-08 09:35:47
46,Chicken Invaders 2,pc,2,3.66,0.09,3.99,2024-04-09 20:07:51
46,Chicken Invaders 2,pc,2,3.66,0.09,3.99,2024-04-02 08:25:45
13,Sky Rogue,pc,2,9.17,0.09,9.99,2024-04-20 11:22:20
31,Jet Racing Extreme,pc,2,3.66,0.09,3.99,2024-04-15 15:28:31
22,Bombernauts,pc,2,9.17,0.09,9.99,2024-04-01 04:34:33
34,Dark Eden,pc,1,0.0,0.09,0.0,2024-04-12 06:11:20
7,Insecters War,pc,2,0.0,0.09,0.0,2024-04-27 20:48:16
93,Streets of Fury EX,pc,2,9.17,0.09,9.99,2024-04-04 05:53:25
46,Chicken Invaders 2,pc,2,3.66,0.09,3.99,2024-04-03 10:14:24
99,Elven Assassin,pc,2,5.13,0.09,5.59,2024-04-29 12:08:04
46,Chicken Invaders 2,pc,2,3.66,0.09,3.99,2024-04-12 19:28:41
81,Tempest,pc,2,13.75,0.09,14.99,2024-04-02 15:36:09
46,Chicken Invaders 2,pc,2,3.66,0.09,3.99,2024-04-08 09:43:22
79,Starion Tactics,pc,2,9.17,0.09,9.99,2024-04-12 14:26:03
26,Altitude,pc,2,0.0,0.09,0.0,2024-04-17 11:25:15
34,Dark Eden,pc,1,0.0,0.09,0.0,2024-04-13 01:13:32
46,Chicken Invaders 2,pc,2,3.66,0.09,3.99,2024-04-06 13:08:32
31,Jet Racing Extreme,pc,2,3.66,0.09,3.99,2024-04-17 07:04:53
63,Broforce,pc,2,6.87,0.09,7.49,2024-04-12 22:23:40
20,WolfQuest,pc,2,9.17,0.09,9.99,2024-04-07 14:32:16
30,Rivals of Aether,pc,2,13.75,0.09,14.99,2024-04-09 20:32:11
4,Gemini Wars,pc,2,13.75,0.09,14.99,2024-04-27 11:02:40
30,Rivals of Aether,pc,2,13.75,0.09,14.99,2024-04-25 07:03:12
4,Gemini Wars,pc,2,13.75,0.09,14.99,2024-04-07 02:08:56
14,MapleStory,pc,1,0.0,0.09,0.0,2024-04-19 18:49:05
9,Rally Copters,pc,2,6.41,0.09,6.99,2024-04-11 08:13:09
38,Butsbal,pc,2,2.74,0.09,2.99,2024-04-07 12:55:03
14,MapleStory,pc,1,0.0,0.09,0.0,2024-04-06 21:11:13
8,Scary Girl,pc,2,6.41,0.09,6.99,2024-04-04 12:05:06
63,Broforce,pc,2,6.87,0.09,7.49,2024-04-13 14:31:22
84,Demons with Shotguns,pc,2,9.17,0.09,9.99,2024-04-24 03:47:41
11,Crea,pc,2,13.75,0.09,14.99,2024-04-20 17:27:19
6,Path of Exile,pc,1,0.0,0.09,0.0,2024-04-12 23:43:04
51,Tank Brawl,pc,2,3.66,0.09,3.99,2024-04-21 20:32:48
9,Rally Copters,pc,2,6.41,0.09,6.99,2024-04-16 20:24:58
86,Ziro,pc,2,4.58,0.09,4.99,2024-04-08 17:25:07
81,Tempest,pc,2,13.75,0.09,14.99,2024-04-11 23:35:42
8,Scary Girl,pc,2,6.41,0.09,6.99,2024-04-16 22:27:44
20,WolfQuest,pc,2,9.17,0.09,9.99,2024-04-14 18:31:44
46,Chicken Invaders 2,pc,2,3.66,0.09,3.99,2024-04-01 06:02:31
46,Chicken Invaders 2,pc,2,3.66,0.09,3.99,2024-04-01 10:48:43
64,SUPERFIGHT,pc,2,9.17,0.09,9.99,2024-04-26 11:16:06
31,Jet Racing Extreme,pc,2,3.66,0.09,3.99,2024-04-24 01:38:11
46,Chicken Invaders 2,pc,2,3.66,0.09,3.99,2024-04-14 03:25:29
20,WolfQuest,pc,2,9.17,0.09,9.99,2024-04-04 05:16:36
63,Broforce,pc,2,6.87,0.09,7.49,2024-04-26 05:11:37
61,Tennis Elbow 2013,pc,2,22.93,0.09,24.99,2024-04-17 00:52:59
78,Dungeons 2,pc,2,27.51,0.09,29.99,2024-04-01 02:25:53
11,Crea,pc,2,13.75,0.09,14.99,2024-04-09 19:35:43
13,Sky Rogue,pc,2,9.17,0.09,9.99,2024-04-01 13:39:05
11,Crea,pc,2,13.75,0.09,14.99,2024-04-18 04:34:31
6,Path of Exile,pc,1,0.0,0.09,0.0,2024-04-24 07:20:13
63,Broforce,pc,2,6.87,0.09,7.49,2024-04-19 13:40:43
86,Ziro,pc,2,4.58,0.09,4.99,2024-04-02 21:17:59
81,Tempest,pc,2,13.75,0.09,14.99,2024-04-24 09:25:36
86,Ziro,pc,2,4.58,0.09,4.99,2024-04-28 18:58:36
86,Ziro,pc,2,4.58,0.09,4.99,2024-04-04 20:23:31
86,Ziro,pc,2,4.58,0.09,4.99,2024-04-02 00:56:15
84,Demons with Shotguns,pc,2,9.17,0.09,9.99,2024-04-13 03:26:32
38,Butsbal,pc,2,2.74,0.09,2.99,2024-04-24 02:41:37
68,Dragomon Hunter,pc,1,0.0,0.09,0.0,2024-04-18 03:55:00
31,Jet Racing Extreme,pc,2,3.66,0.09,3.99,2024-04-14 04:58:26
13,Sky Rogue,pc,2,9.17,0.09,9.99,2024-04-14 03:56:56
80,Project CARS,pc,2,27.51,0.09,29.99,2024-04-17 13:30:01
6,Path of Exile,pc,1,0.0,0.09,0.0,2024-04-27 10:04:13
6,Path of Exile,pc,1,0.0,0.09,0.0,2024-04-05 20:19:14
6,Path of Exile,pc,1,0.0,0.09,0.0,2024-04-22 00:25:59
81,Tempest,pc,2,13.75,0.09,14.99,2024-04-13 08:02:19
63,Broforce,pc,2,6.87,0.09,7.49,2024-04-18 08:59:46
93,Streets of Fury EX,pc,2,9.17,0.09,9.99,2024-04-18 23:56:18
26,Altitude,pc,2,0.0,0.09,0.0,2024-04-05 08:52:35
38,Butsbal,pc,2,2.74,0.09,2.99,2024-04-02 12:50:59
89,InfinitasDM,pc,2,9.17,0.09,9.99,2024-04-19 18:56:46
25,Lost Castle,pc,2,9.17,0.09,9.99,2024-04-15 06:38:47
7,Insecters War,pc,2,0.0,0.09,0.0,2024-04-04 01:52:12
7,Insecters War,pc,2,0.0,0.09,0.0,2024-04-26 21:06:00
88,Gumboy Tournament,pc,2,2.74,0.09,2.99,2024-04-25 14:24:51
59,The Settlers Online,pc,2,0.0,0.09,0.0,2024-04-16 13:44:31
4,Gemini Wars,pc,2,13.75,0.09,14.99,2024-04-01 15:30:13
64,SUPERFIGHT,pc,2,9.17,0.09,9.99,2024-04-05 20:07:52
20,WolfQuest,pc,2,9.17,0.09,9.99,2024-04-19 06:46:22
6,Path of Exile,pc,1,0.0,0.09,0.0,2024-04-22 06:22:39
11,Crea,pc,2,13.75,0.09,14.99,2024-04-11 20:25:00
75,Brief Karate Foolish,pc,2,0.0,0.09,0.0,2024-04-11 05:17:47
22,Bombernauts,pc,2,9.17,0.09,9.99,2024-04-13 22:10:36
38,Butsbal,pc,2,2.74,0.09,2.99,2024-04-22 06:43:44
8,Scary Girl,pc,2,6.41,0.09,6.99,2024-04-29 02:53:04
38,Butsbal,pc,2,2.74,0.09,2.99,2024-04-09 09:36:59
46,Chicken Invaders 2,pc,2,3.66,0.09,3.99,2024-04-08 16:58:33
63,Broforce,pc,2,6.87,0.09,7.49,2024-04-11 02:05:07
93,Streets of Fury EX,pc,2,9.17,0.09,9.99,2024-04-05 13:48:03
80,Project CARS,pc,2,27.51,0.09,29.99,2024-04-24 08:15:52
77,Iron Storm,pc,2,2.74,0.09,2.99,2024-04-12 10:39:02
34,Dark Eden,pc,1,0.0,0.09,0.0,2024-04-07 16:13:40
48,The Isle,pc,2,18.34,0.09,19.99,2024-04-14 01:13:44
64,SUPERFIGHT,pc,2,9.17,0.09,9.99,2024-04-15 03:04:51
20,WolfQuest,pc,2,9.17,0.09,9.99,2024-04-20 21:50:56
20,WolfQuest,pc,2,9.17,0.09,9.99,2024-04-14 02:58:58
20,WolfQuest,pc,2,9.17,0.09,9.99,2024-04-03 20:32:32
26,Altitude,pc,2,0.0,0.09,0.0,2024-04-23 09:48:00
31,Jet Racing Extreme,pc,2,3.66,0.09,3.99,2024-04-02 08:39:02
13,Sky Rogue,pc,2,9.17,0.09,9.99,2024-04-20 22:43:58
25,Lost Castle,pc,2,9.17,0.09,9.99,2024-04-22 23:35:26
4,Gemini Wars,pc,2,13.75,0.09,14.99,2024-04-03 05:25:54
17,Jamestown,pc,2,9.17,0.09,9.99,2024-04-05 09:05:07
80,Project CARS,pc,2,27.51,0.09,29.99,2024-04-29 05:28:02
80,Project CARS,pc,2,27.51,0.09,29.99,2024-04-24 21:33:48
65,Rock of Ages,pc,2,9.17,0.09,9.99,2024-04-17 14:05:44
63,Broforce,pc,2,6.87,0.09,7.49,2024-04-04 18:02:19
63,Broforce,pc,2,6.87,0.09,7.49,2024-04-29 01:56:44
82,Etherium,pc,2,18.34,0.09,19.99,2024-04-07 14:12:42
75,Brief Karate Foolish,pc,2,0.0,0.09,0.0,2024-04-26 00:04:17
84,Demons with Shotguns,pc,2,9.17,0.09,9.99,2024-04-12 12:32:48
26,Altitude,pc,2,0.0,0.09,0.0,2024-04-25 04:15:36
13,Sky Rogue,pc,2,9.17,0.09,9.99,2024-04-04 10:05:12
8,Scary Girl,pc,2,6.41,0.09,6.99,2024-04-04 16:48:48
81,Tempest,pc,2,13.75,0.09,14.99,2024-04-02 22:06:42
77,Iron Storm,pc,2,2.74,0.09,2.99,2024-04-03 03:32:09
34,Dark Eden,pc,1,0.0,0.09,0.0,2024-04-28 15:30:01
38,Butsbal,pc,2,2.74,0.09,2.99,2024-04-11 03:34:35
6,Path of Exile,pc,1,0.0,0.09,0.0,2024-04-10 23:20:27
9,Rally Copters,pc,2,6.41,0.09,6.99,2024-04-01 23:58:54
51,Tank Brawl,pc,2,3.66,0.09,3.99,2024-04-01 03:40:59
79,Starion Tactics,pc,2,9.17,0.09,9.99,2024-04-21 04:56:16
26,Altitude,pc,2,0.0,0.09,0.0,2024-04-21 09:49:26
82,Etherium,pc,2,18.34,0.09,19.99,2024-04-06 08:55:34
53,Hunger Dungeon,pc,2,0.0,0.09,0.0,2024-04-14 21:47:10
6,Path of Exile,pc,1,0.0,0.09,0.0,2024-04-02 08:37:35
79,Starion Tactics,pc,2,9.17,0.09,9.99,2024-04-15 11:45:07
4,Gemini Wars,pc,2,13.75,0.09,14.99,2024-04-03 18:13:36
89,InfinitasDM,pc,2,9.17,0.09,9.99,2024-04-06 13:13:33
37,Blockships,pc,2,6.41,0.09,6.99,2024-04-11 19:41:11
79,Starion Tactics,pc,2,9.17,0.09,9.99,2024-04-15 02:13:13
78,Dungeons 2,pc,2,27.51,0.09,29.99,2024-04-15 12:03:25
86,Ziro,pc,2,4.58,0.09,4.99,2024-04-24 12:03:44
6,Path of Exile,pc,1,0.0,0.09,0.0,2024-04-25 06:18:34
79,Starion Tactics,pc,2,9.17,0.09,9.99,2024-04-20 22:41:49
79,Starion Tactics,pc,2,9.17,0.09,9.99,2024-04-26 01:55:15
9,Rally Copters,pc,2,6.41,0.09,6.99,2024-04-11 22:11:46
4,Gemini Wars,pc,2,13.75,0.09,14.99,2024-04-17 23:50:51
7,Insecters War,pc,2,0.0,0.09,0.0,2024-04-05 18:27:56
63,Broforce,pc,2,6.87,0.09,7.49,2024-04-17 01:27:14
46,Chicken Invaders 2,pc,2,3.66,0.09,3.99,2024-04-19 06:44:12
8,Scary Girl,pc,2,6.41,0.09,6.99,2024-04-27 04:02:47
30,Rivals of Aether,pc,2,13.75,0.09,14.99,2024-04-24 08:56:42
82,Etherium,pc,2,18.34,0.09,19.99,2024-04-08 18:02:11
38,Butsbal,pc,2,2.74,0.09,2.99,2024-04-13 04:57:39
82,Etherium,pc,2,18.34,0.09,19.99,2024-04-08 00:39:53
30,Rivals of Aether,pc,2,13.75,0.09,14.99,2024-04-05 01:53:21
8,Scary Girl,pc,2,6.41,0.09,6.99,2024-04-18 13:07:11
38,Butsbal,pc,2,2.74,0.09,2.99,2024-04-23 03:13:03
13,Sky Rogue,pc,2,9.17,0.09,9.99,2024-04-03 02:57:47
63,Broforce,pc,2,6.87,0.09,7.49,2024-04-03 14:49:03
63,Broforce,pc,2,6.87,0.09,7.49,2024-04-19 17:26:52
77,Iron Storm,pc,2,2.74,0.09,2.99,2024-04-13 14:04:59
64,SUPERFIGHT,pc,2,9.17,0.09,9.99,2024-04-10 16:16:48
51,Tank Brawl,pc,2,3.66,0.09,3.99,2024-04-29 11:50:51
86,Ziro,pc,2,4.58,0.09,4.99,2024-04-05 17:00:19
11,Crea,pc,2,13.75,0.09,14.99,2024-04-11 14:45:59
46,Chicken Invaders 2,pc,2,3.66,0.09,3.99,2024-04-13 10:28:52
11,Crea,pc,2,13.75,0.09,14.99,2024-04-04 16:13:02
67,Lost Saga NA,pc,2,0.0,0.09,0.0,2024-04-17 18:00:53
29,Chaser,pc,2,4.58,0.09,4.99,2024-04-07 22:07:51
15,Below Kryll,pc,2,4.58,0.09,4.99,2024-04-13 07:39:11
66,Take On Mars,pc,2,20.17,0.09,21.99,2024-04-17 16:58:44
63,Broforce,pc,2,6.87,0.09,7.49,2024-04-10 11:00:35
46,Chicken Invaders 2,pc,2,3.66,0.09,3.99,2024-04-11 18:03:18
11,Crea,pc,2,13.75,0.09,14.99,2024-04-18 05:58:37
34,Dark Eden,pc,1,0.0,0.09,0.0,2024-04-03 02:19:10
10,NBA 2K17,pc,2,55.04,0.09,59.99,2024-04-03 10:53:55
4,Gemini Wars,pc,2,13.75,0.09,14.99,2024-04-09 10:40:37
52,IL-2 Sturmovik: 1946,pc,2,9.17,0.09,9.99,2024-04-14 16:23:12
77,Iron Storm,pc,2,2.74,0.09,2.99,2024-04-24 19:28:03
64,SUPERFIGHT,pc,2,9.17,0.09,9.99,2024-04-13 05:39:22
63,Broforce,pc,2,6.87,0.09,7.49,2024-04-25 16:15:07
86,Ziro,pc,2,4.58,0.09,4.99,2024-04-22 03:03:43
46,Chicken Invaders 2,pc,2,3.66,0.09,3.99,2024-04-10 18:48:56
63,Broforce,pc,2,6.87,0.09,7.49,2024-04-27 17:55:14
6,Path of Exile,pc,1,0.0,0.09,0.0,2024-04-21 18:00:51
20,WolfQuest,pc,2,9.17,0.09,9.99,2024-04-21 19:24:40
63,Broforce,pc,2,6.87,0.09,7.49,2024-04-22 04:07:03
20,WolfQuest,pc,2,9.17,0.09,9.99,2024-04-29 01:19:48
93,Streets of Fury EX,pc,2,9.17,0.09,9.99,2024-04-01 18:56:03
82,Etherium,pc,2,18.34,0.09,19.99,2024-04-03 20:32:48
80,Project CARS,pc,2,27.51,0.09,29.99,2024-04-18 20:21:21
84,Demons with Shotguns,pc,2,9.17,0.09,9.99,2024-04-28 21:56:50
20,WolfQuest,pc,2,9.17,0.09,9.99,2024-04-20 11:04:43
26,Altitude,pc,2,0.0,0.09,0.0,2024-04-06 22:34:25
86,Ziro,pc,2,4.58,0.09,4.99,2024-04-07 17:01:44
93,Streets of Fury EX,pc,2,9.17,0.09,9.99,2024-04-29 03:25:15
80,Project CARS,pc,2,27.51,0.09,29.99,2024-04-17 07:44:15
6,Path of Exile,pc,1,0.0,0.09,0.0,2024-04-24 04:32:51
63,Broforce,pc,2,6.87,0.09,7.49,2024-04-11 09:02:25
77,Iron Storm,pc,2,2.74,0.09,2.99,2024-04-14 18:07:59
9,Rally Copters,pc,2,6.41,0.09,6.99,2024-04-11 05:45:55
14,MapleStory,pc,1,0.0,0.09,0.0,2024-04-29 06:08:33
25,Lost Castle,pc,2,9.17,0.09,9.99,2024-04-26 01:14:30
20,WolfQuest,pc,2,9.17,0.09,9.99,2024-04-23 06:35:05
38,Butsbal,pc,2,2.74,0.09,2.99,2024-04-19 14:12:06
7,Insecters War,pc,2,0.0,0.09,0.0,2024-04-07 06:48:44
89,InfinitasDM,pc,2,9.17,0.09,9.99,2024-04-27 08:07:18
7,Insecters War,pc,2,0.0,0.09,0.0,2024-04-11 02:19:10
84,Demons with Shotguns,pc,2,9.17,0.09,9.99,2024-04-27 19:57:18
9,Rally Copters,pc,2,6.41,0.09,6.99,2024-04-28 03:34:42
81,Tempest,pc,2,13.75,0.09,14.99,2024-04-11 20:30:44
20,WolfQuest,pc,2,9.17,0.09,9.99,2024-04-06 06:26:04
20,WolfQuest,pc,2,9.17,0.09,9.99,2024-04-12 06:04:24
9,Rally Copters,pc,2,6.41,0.09,6.99,2024-04-12 05:40:56
63,Broforce,pc,2,6.87,0.09,7.49,2024-04-01 14:36:05
30,Rivals of Aether,pc,2,13.75,0.09,14.99,2024-04-06 21:47:40
38,Butsbal,pc,2,2.74,0.09,2.99,2024-04-29 21:51:49
34,Dark Eden,pc,1,0.0,0.09,0.0,2024-04-07 02:07:08
8,Scary Girl,pc,2,6.41,0.09,6.99,2024-04-04 05:53:42
19,ManaCollect,pc,2,2.56,0.09,2.79,2024-04-05 22:07:56
64,SUPERFIGHT,pc,2,9.17,0.09,9.99,2024-04-22 07:28:52
1,Kingdom Wars,pc,1,0.0,0.09,0.0,2024-04-01 00:12:08
38,Butsbal,pc,2,2.74,0.09,2.99,2024-04-21 02:32:57
38,Butsbal,pc,2,2.74,0.09,2.99,2024-04-21 16:31:30
13,Sky Rogue,pc,2,9.17,0.09,9.99,2024-04-24 00:00:32
20,WolfQuest,pc,2,9.17,0.09,9.99,2024-04-19 23:11:06
8,Scary Girl,pc,2,6.41,0.09,6.99,2024-04-03 08:20:02
7,Insecters War,pc,2,0.0,0.09,0.0,2024-04-04 09:47:53
30,Rivals of Aether,pc,2,13.75,0.09,14.99,2024-04-12 13:10:30
75,Brief Karate Foolish,pc,2,0.0,0.09,0.0,2024-04-25 03:26:39
80,Project CARS,pc,2,27.51,0.09,29.99,2024-04-16 01:54:57
4,Gemini Wars,pc,2,13.75,0.09,14.99,2024-04-18 11:16:35
9,Rally Copters,pc,2,6.41,0.09,6.99,2024-04-14 02:28:27
30,Rivals of Aether,pc,2,13.75,0.09,14.99,2024-04-15 02:43:13
93,Streets of Fury EX,pc,2,9.17,0.09,9.99,2024-04-13 08:50:17
20,WolfQuest,pc,2,9.17,0.09,9.99,2024-04-24 20:43:28
64,SUPERFIGHT,pc,2,9.17,0.09,9.99,2024-04-08 16:35:32
11,Crea,pc,2,13.75,0.09,14.99,2024-04-06 15:38:26
6,Path of Exile,pc,1,0.0,0.09,0.0,2024-04-22 13:23:31
81,Tempest,pc,2,13.75,0.09,14.99,2024-04-12 03:56:25
20,WolfQuest,pc,2,9.17,0.09,9.99,2024-04-02 08:01:33
6,Path of Exile,pc,1,0.0,0.09,0.0,2024-04-04 18:16:11
51,Tank Brawl,pc,2,3.66,0.09,3.99,2024-04-19 19:16:27
35,Tricky Towers,pc,2,13.75,0.09,14.99,2024-04-10 13:32:08
89,InfinitasDM,pc,2,9.17,0.09,9.99,2024-04-04 00:16:49
78,Dungeons 2,pc,2,27.51,0.09,29.99,2024-04-21 15:36:20
63,Broforce,pc,2,6.87,0.09,7.49,2024-04-26 05:33:32
75,Brief Karate Foolish,pc,2,0.0,0.09,0.0,2024-04-09 16:16:51
80,Project CARS,pc,2,27.51,0.09,29.99,2024-04-10 07:31:58
15,Below Kryll,pc,2,4.58,0.09,4.99,2024-04-21 20:43:41
15,Below Kryll,pc,2,4.58,0.09,4.99,2024-04-27 03:53:28
8,Scary Girl,pc,2,6.41,0.09,6.99,2024-04-24 00:08:21
9,Rally Copters,pc,2,6.41,0.09,6.99,2024-04-20 08:47:24
30,Rivals of Aether,pc,2,13.75,0.09,14.99,2024-04-26 16:10:09
64,SUPERFIGHT,pc,2,9.17,0.09,9.99,2024-04-17 05:42:31
86,Ziro,pc,2,4.58,0.09,4.99,2024-04-25 22:36:24
79,Starion Tactics,pc,2,9.17,0.09,9.99,2024-04-27 00:52:37
63,Broforce,pc,2,6.87,0.09,7.49,2024-04-04 17:55:54
12,Hauntsters,pc,2,4.58,0.09,4.99,2024-04-03 19:03:21
64,SUPERFIGHT,pc,2,9.17,0.09,9.99,2024-04-28 06:55:04
6,Path of Exile,pc,1,0.0,0.09,0.0,2024-04-10 19:03:06
79,Starion Tactics,pc,2,9.17,0.09,9.99,2024-04-08 06:34:44
20,WolfQuest,pc,2,9.17,0.09,9.99,2024-04-17 15:05:02
75,Brief Karate Foolish,pc,2,0.0,0.09,0.0,2024-04-12 20:36:15
38,Butsbal,pc,2,2.74,0.09,2.99,2024-04-05 19:59:43
7,Insecters War,pc,2,0.0,0.09,0.0,2024-04-04 10:35:44
14,MapleStory,pc,1,0.0,0.09,0.0,2024-04-24 13:27:11
89,InfinitasDM,pc,2,9.17,0.09,9.99,2024-04-04 00:11:12
25,Lost Castle,pc,2,9.17,0.09,9.99,2024-04-18 06:44:12
83,Arena Wars 2,pc,2,3.66,0.09,3.99,2024-04-23 09:58:00
63,Broforce,pc,2,6.87,0.09,7.49,2024-04-12 23:50:53
78,Dungeons 2,pc,2,27.51,0.09,29.99,2024-04-14 20:14:08
79,Starion Tactics,pc,2,9.17,0.09,9.99,2024-04-06 00:22:38
34,Dark Eden,pc,1,0.0,0.09,0.0,2024-04-23 16:33:38
26,Altitude,pc,2,0.0,0.09,0.0,2024-04-10 02:07:38
6,Path of Exile,pc,1,0.0,0.09,0.0,2024-04-26 01:10:49
80,Project CARS,pc,2,27.51,0.09,29.99,2024-04-24 09:27:21
6,Path of Exile,pc,1,0.0,0.09,0.0,2024-04-25 02:11:42
16,Alganon,pc,1,0.0,0.09,0.0,2024-04-04 21:28:10
63,Broforce,pc,2,6.87,0.09,7.49,2024-04-12 09:01:37
38,Butsbal,pc,2,2.74,0.09,2.99,2024-04-28 10:35:35
25,Lost Castle,pc,2,9.17,0.09,9.99,2024-04-03 18:34:02
82,Etherium,pc,2,18.34,0.09,19.99,2024-04-07 09:39:04
80,Project CARS,pc,2,27.51,0.09,29.99,2024-04-24 03:49:29
20,WolfQuest,pc,2,9.17,0.09,9.99,2024-04-12 00:45:38
9,Rally Copters,pc,2,6.41,0.09,6.99,2024-04-19 10:47:53
46,Chicken Invaders 2,pc,2,3.66,0.09,3.99,2024-04-18 06:26:55
46,Chicken Invaders 2,pc,2,3.66,0.09,3.99,2024-04-23 17:01:02
25,Lost Castle,pc,2,9.17,0.09,9.99,2024-04-03 00:24:54
9,Rally Copters,pc,2,6.41,0.09,6.99,2024-04-15 08:06:21
30,Rivals of Aether,pc,2,13.75,0.09,14.99,2024-04-23 03:34:01
6,Path of Exile,pc,1,0.0,0.09,0.0,2024-04-01 12:32:54
75,Brief Karate Foolish,pc,2,0.0,0.09,0.0,2024-04-27 19:41:40
34,Dark Eden,pc,1,0.0,0.09,0.0,2024-04-08 13:49:08
22,Bombernauts,pc,2,9.17,0.09,9.99,2024-04-04 01:11:33
30,Rivals of Aether,pc,2,13.75,0.09,14.99,2024-04-14 19:03:44
21,Lost Planet(r) 2,pc,2,18.34,0.09,19.99,2024-04-06 09:38:10
14,MapleStory,pc,1,0.0,0.09,0.0,2024-04-28 10:27:43
81,Tempest,pc,2,13.75,0.09,14.99,2024-04-03 03:53:23
63,Broforce,pc,2,6.87,0.09,7.49,2024-04-02 17:44:22
82,Etherium,pc,2,18.34,0.09,19.99,2024-04-23 00:52:07
46,Chicken Invaders 2,pc,2,3.66,0.09,3.99,2024-04-19 06:56:30
30,Rivals of Aether,pc,2,13.75,0.09,14.99,2024-04-22 04:39:28
51,Tank Brawl,pc,2,3.66,0.09,3.99,2024-04-11 23:42:22
80,Project CARS,pc,2,27.51,0.09,29.99,2024-04-16 09:25:32
22,Bombernauts,pc,2,9.17,0.09,9.99,2024-04-23 20:00:21
63,Broforce,pc,2,6.87,0.09,7.49,2024-04-19 11:58:13
30,Rivals of Aether,pc,2,13.75,0.09,14.99,2024-04-13 17:33:49
15,Below Kryll,pc,2,4.58,0.09,4.99,2024-04-20 07:33:05
25,Lost Castle,pc,2,9.17,0.09,9.99,2024-04-06 11:52:39
79,Starion Tactics,pc,2,9.17,0.09,9.99,2024-04-22 08:14:00
24,Total War: WARHAMMER,pc,2,55.04,0.09,59.99,2024-04-06 23:08:13
79,Starion Tactics,pc,2,9.17,0.09,9.99,2024-04-12 23:16:13
30,Rivals of Aether,pc,2,13.75,0.09,14.99,2024-04-07 11:55:23
78,Dungeons 2,pc,2,27.51,0.09,29.99,2024-04-19 17:44:55
86,Ziro,pc,2,4.58,0.09,4.99,2024-04-12 11:57:00
8,Scary Girl,pc,2,6.41,0.09,6.99,2024-04-07 16:32:46
84,Demons with Shotguns,pc,2,9.17,0.09,9.99,2024-04-14 19:58:40
7,Insecters War,pc,2,0.0,0.09,0.0,2024-04-08 01:50:56
20,WolfQuest,pc,2,9.17,0.09,9.99,2024-04-22 13:32:25
26,Altitude,pc,2,0.0,0.09,0.0,2024-04-11 09:36:43
80,Project CARS,pc,2,27.51,0.09,29.99,2024-04-22 04:06:04
80,Project CARS,pc,2,27.51,0.09,29.99,2024-04-25 05:21:02
30,Rivals of Aether,pc,2,13.75,0.09,14.99,2024-04-20 20:18:46
63,Broforce,pc,2,6.87,0.09,7.49,2024-04-12 11:54:05
20,WolfQuest,pc,2,9.17,0.09,9.99,2024-04-24 05:44:58
30,Rivals of Aether,pc,2,13.75,0.09,14.99,2024-04-02 05:19:24
86,Ziro,pc,2,4.58,0.09,4.99,2024-04-10 21:00:21
27,Oh No! Bugs!,pc,2,4.58,0.09,4.99,2024-04-07 14:26:56
81,Tempest,pc,2,13.75,0.09,14.99,2024-04-02 19:47:31
46,Chicken Invaders 2,pc,2,3.66,0.09,3.99,2024-04-21 21:37:20
64,SUPERFIGHT,pc,2,9.17,0.09,9.99,2024-04-16 22:35:12
6,Path of Exile,pc,1,0.0,0.09,0.0,2024-04-10 22:48:40
79,Starion Tactics,pc,2,9.17,0.09,9.99,2024-04-29 04:04:55
20,WolfQuest,pc,2,9.17,0.09,9.99,2024-04-29 23:17:17
46,Chicken Invaders 2,pc,2,3.66,0.09,3.99,2024-04-27 07:33:39
13,Sky Rogue,pc,2,9.17,0.09,9.99,2024-04-04 03:07:22
89,InfinitasDM,pc,2,9.17,0.09,9.99,2024-04-18 09:42:44
79,Starion Tactics,pc,2,9.17,0.09,9.99,2024-04-04 05:03:53
26,Altitude,pc,2,0.0,0.09,0.0,2024-04-21 16:54:28
46,Chicken Invaders 2,pc,2,3.66,0.09,3.99,2024-04-09 16:08:29
20,WolfQuest,pc,2,9.17,0.09,9.99,2024-04-03 14:27:26
79,Starion Tactics,pc,2,9.17,0.09,9.99,2024-04-03 05:25:13
79,Starion Tactics,pc,2,9.17,0.09,9.99,2024-04-26 18:36:29
34,Dark Eden,pc,1,0.0,0.09,0.0,2024-04-18 22:32:30
58,Capsized,pc,2,9.17,0.09,9.99,2024-04-16 12:29:03
20,WolfQuest,pc,2,9.17,0.09,9.99,2024-04-27 05:55:45
79,Starion Tactics,pc,2,9.17,0.09,9.99,2024-04-24 05:49:40
30,Rivals of Aether,pc,2,13.75,0.09,14.99,2024-04-02 21:43:02
77,Iron Storm,pc,2,2.74,0.09,2.99,2024-04-05 17:09:55
3,Mysterious Space,pc,2,9.17,0.09,10.0,2024-04-01 15:55:15
15,Below Kryll,pc,2,4.58,0.09,4.99,2024-04-09 14:10:13
64,SUPERFIGHT,pc,2,9.17,0.09,9.99,2024-04-13 09:54:51
63,Broforce,pc,2,6.87,0.09,7.49,2024-04-15 06:14:25
60,Crusader Kings II,pc,2,9.17,0.09,9.99,2024-04-16 15:48:44
38,Butsbal,pc,2,2.74,0.09,2.99,2024-04-14 00:59:19
22,Bombernauts,pc,2,9.17,0.09,9.99,2024-04-15 07:47:31
74,DeathCrank,pc,2,0.0,0.09,0.0,2024-04-19 13:35:00
79,Starion Tactics,pc,2,9.17,0.09,9.99,2024-04-19 22:06:14
77,Iron Storm,pc,2,2.74,0.09,2.99,2024-04-08 23:17:57
6,Path of Exile,pc,1,0.0,0.09,0.0,2024-04-04 23:11:19
100,Hive Jump,pc,2,18.34,0.09,19.99,2024-04-29 15:59:18
86,Ziro,pc,2,4.58,0.09,4.99,2024-04-04 04:33:48
6,Path of Exile,pc,1,0.0,0.09,0.0,2024-04-03 01:05:10
15,Below Kryll,pc,2,4.58,0.09,4.99,2024-04-22 08:03:47
76,LILT,pc,2,4.58,0.09,4.99,2024-04-21 09:50:00
89,InfinitasDM,pc,2,9.17,0.09,9.99,2024-04-27 10:07:30
79,Starion Tactics,pc,2,9.17,0.09,9.99,2024-04-25 11:52:42
6,Path of Exile,pc,1,0.0,0.09,0.0,2024-04-14 00:55:48
72,Knights of Honor,pc,2,9.17,0.09,9.99,2024-04-19 04:06:22
14,MapleStory,pc,1,0.0,0.09,0.0,2024-04-08 20:57:56
26,Altitude,pc,2,0.0,0.09,0.0,2024-04-07 10:26:52
79,Starion Tactics,pc,2,9.17,0.09,9.99,2024-04-11 08:28:32
26,Altitude,pc,2,0.0,0.09,0.0,2024-04-10 02:33:16
20,WolfQuest,pc,2,9.17,0.09,9.99,2024-04-19 13:21:19
22,Bombernauts,pc,2,9.17,0.09,9.99,2024-04-24 19:52:55
